Orders;Order date;Customer;Project name;Status;Prices;Currencies;Price in selected currency;Currencies;Gross quantity;Net quantity;Due date;Client;Domain;Subject;Scope requested;Description;PM comment ;Client's job number;PO number;Project manager;Target TM
O-2017-09006;01-09-2017;TransPerfect, TPT;11201-08-17-TPTUS0083028_Shire;Active;0,00;USD;0,00;PLN;1321;1321;Mon 04-09-2017 08:52;ERT;medical;questionnaire;samoTRANS; ;;"""0874244 ERT-US0083028_Shire Batch 3""";;Dmuchowska, Monika;
O-2017-09007;01-09-2017;TransPerfect, TPT;11204-08-17-TPTUS0070408;Active;0,00;USD;0,00;PLN;1294;1294;Mon 04-09-2017 17:00;Blue Cross;medical;IVRS;samoTRANS; ;;US0070408;;Kołodziej, Iga;
O-2017-09134;13-09-2017;TransPerfect, TPT;11331-09-17-TPTUS0083028_plPL_TQz;Active;0,00;USD;0,00;PLN;304;304;Thu 14-09-2017 12:00;ERT;medical;questionnaire;backTRANS;quiz Shire SHP647;ponowny mail w sprawie PO 4.03.2018, JI przejeła 23.08;"""0885174 ERT_BackTrans-US0083028_plPL_TQz""";;Dmuchowska, Monika;
O-2017-10168;17-10-2017;TransPerfect, TPT;11664-10-17-TPTUS0114268;Active;20,00;USD;71,81;PLN;0;0;Tue 17-10-2017 16:00;ACM Global Lab;;;Other; ;QM step czekamy na PO;QM step - ACM Global Lab uk0083246 - EN>PL; powinniśmy dostać 20$  wysłany mail 28-02, ponowny mail 03-04, kolejny 13-03;Dmuchowska, Monika;
O-2017-10242;23-10-2017;;Rozliczenie innych 10_2017;Active;0,00;PLN;0,00;PLN;0;0;Tue 31-10-2017 10:00;;;;;18.10 - wszyscy tr+up, 1h;;;;Motwicka, Monika;
O-2018-01100;10-01-2018;TransPerfect, TPT;12573-01-18-TPTUS0158267;Active;55,00;USD;192,65;PLN;644;644;Wed 10-01-2018 19:30;McKinsey & Company;marketing;other;TRANSproof, PROOF2; ;MG: PO na 15$ jest odrzucone jako ze złą kwotą - napisane 23 08 JI;"""0994021 McKinsey & Company-US0158267""";6312243, 6312252;Dmuchowska, Monika;
O-2018-02295;22-02-2018;TransPerfect, TPT;13124-02-18-TPTSWE021022_PL;Active;0,00;USD;0,00;PLN;169;169;Mon 26-02-2018 11:00;Kantar;marketing;other;samoTRANS;korpoankietka;po rem 27.02, 16.03, 20.03, napisane do Rebecca Lopez 29 maja, do wszystkich 20 6;"""1038380 Kantar TNS-SWE021022_PL""";;Ivchenko, Yaroslava;
O-2018-03342;26-03-2018;MS-Friends, MSF;13512-03-18-MSF;Active;0,00;PLN;0,00;PLN;5613;5613;Wed 28-03-2018 12:00;;technical;manual;samoTRANS;spawarka, instrukcja;13512 nie oczyszczamy nigdzie, do wyrzucenia;;;Ivchenko, Yaroslava;
O-2018-04213;17-04-2018;Global Voices, GLV;13802-04-18-GLV;Active;0,00;PLN;0,00;PLN;414;414;Tue 17-04-2018 17:00;;IT;other;samoTRANS;Zawartość strony internetowej/oprogramowanie;;Project 78895;;Kołodziej, Iga;
O-2018-04342;26-04-2018;MS-Friends, MSF;13877-04-18-MSF;Active;0,00;PLN;0,00;PLN;1129;1129;Fri 27-04-2018 14:00;;legal;agreement;samoTRANS;Umowy najmu;;;;Kołodziej, Iga;
O-2018-05022;02-05-2018;TransPerfect, TPT;13997-05-18-TPTUS0223002;Active;0,00;USD;0,00;PLN;0;0;Fri 04-05-2018 10:00;Chiltern;medical;test results;;wyniki badań;;US0223002;;Skoczyński, Michał;
O-2018-05023;02-05-2018;TransPerfect, TPT;13998-05-18-TPTUS0223005;Active;0,00;USD;0,00;PLN;0;0;Fri 04-05-2018 12:00;Chiltern;medical;test results;;wyniki badań;;US0223005;;Skoczyński, Michał;
O-2018-05092;08-05-2018;MS-Friends, MSF;14067-05-18-MSF;Active;0,00;PLN;0,00;PLN;399;399;Thu 10-05-2018 12:00;;medical;test results;samoTRANS;Wyniki badań;do odesłania na: i.grabiec81@gmail.com;;;Motwicka, Monika;
O-2018-05213;16-05-2018;TransPerfect, TPT;14185-05-18-TPTUK0088641;Active;0,00;USD;0,00;PLN;1272;1272;Thu 17-05-2018 13:00;Nepa AB;IT;manual;TRANSproof; ;;"""1127045 Nepa AB (General)-UK0088641""";Elisa Di Stadio;Dmuchowska, Monika;
O-2018-05348;24-05-2018;TransPerfect, TPT;14330-05-18-TPTNL0024150;Active;0,00;USD;0,00;PLN;0;0;Thu 24-05-2018 19:00;Constantia Flexibles Group;marketing;company policy;samoTRANS, samoPROOF; ;brak PO proof 15$ - wysłany mail 06-06, 06-07, 06-20, 07-10 ;"1136578 Constantia Flexibles Group GmbH-NL0024150""";;Dmuchowska, Monika;
O-2018-05425;29-05-2018;TransPerfect, TPT;14118-05-18-TPTUS0180353;Active;15,00;USD;55,46;PLN;0;0;Thu 24-05-2018 14:00;Roivant Sciences;medical;patient materials;pDTP;Dzienniczek pacjenta;MG 13.08: The PO amount you have entered does not match our records for this combination of job and PO number.;***URGENT REQUEST***Roivant Sciences_Media (Break Seg)-US0180353-pdf REFERENCE- PL;6700419;Kołodziej, Iga;
O-2018-06030;04-06-2018;Quick;14459-06-18-QUI;Active;0,00;EUR;0,00;PLN;3216;3216;Tue 05-06-2018 15:00;;legal;insurance;samoTRANS;PREZENTACJA POLISY UBEZPIECZENIA CZŁONKÓW WŁADZ;;translation enquiry POL - ENG z 1 czerwca 2018;;Ivchenko, Yaroslava;
O-2018-06197;14-06-2018;GTS;14626-06-18-GTS;Active;0,00;EUR;0,00;PLN;3021;3021;Wed 20-06-2018 15:00;Quintiles;medical;ICF Pani QUINTILES;TRANSproof;ICF Wieloośrodkowe, randomizowane badanie fazy III prowadzone metodą podwójnie ślepej próby z grupą kontrolną otrzymującą placebo, mające na celu ocenę skuteczności i bezpieczeństwa stosowania Pimodiwiru w skojarzeniu z leczeniem stosowanym w ramach standardowej opieki u hospitalizowanych pacjentów nastoletnich, dorosłych i w podeszłym wieku zakażonych wirusem grypy typu A;TRANSproof + ED2, czekamy na poprawione WO za ED2  0,02 x wc ;QTS-180614-23 ;;Dmuchowska, Monika;
O-2018-06294;21-06-2018;GTS;14722-06-18-GTS;Active;0,00;EUR;0,00;PLN;0;0;Fri 22-06-2018 15:00;;financial;investment;pDTP;fundusze inwest;czekamy na update do min rate, skracanie długości, 17 07 I will issue a new WO from a different project as soon as I can.;PA 255968 | ENG > POL | 0.5 hours ED |;988506_238216;Ivchenko, Yaroslava;
O-2018-06311;25-06-2018;TransPerfect, TPT;14724-06-18-TPTUS0250631;Active;20,00;USD;74,09;PLN;3146;3146;Mon 25-06-2018 18:00;Gartner;legal;agreement;TRANSproof, PROOF2;Umowa;brak jednego PO;1169336 Gartner-US0250631;6844525;Kołodziej, Iga;
O-2018-07004;02-07-2018;Dimension Data Polska, DDP;14843-07-18-DDP;Active;0,00;PLN;0,00;PLN;125;125;Mon 02-07-2018 16:00;;legal;certificate;SWORN;Uchwała zarządu;;;;Ivchenko, Yaroslava;
O-2018-07005;02-07-2018;TransPerfect, TPT;14835-06-18-TPTUS0246825_ LP5;Active;52,86;USD;198,29;PLN;1220;1220;Tue 03-07-2018 09:00;Chiltern;medical;test results;samoTRANS;Wyniki badań;wysłana prośba o PO 30.07, ponownie 13.08;"""1177775 Chiltern_Patient Safety-US0246825_ LP5""";6868111;Motwicka, Monika;
O-2018-07076;07-07-2018;GTS;14916-07-18-GTS;Active;0,00;EUR;0,00;PLN;338;338;Mon 09-07-2018 17:00;Zurich G.;legal;other;samoTRANS;akt małżeństwa + apostille;0,09 czekamy na updated WO;Zurich_8239123 PL to EN;995466_240264;Kołodziej, Iga;
O-2018-07100;10-07-2018;TransPerfect, TPT;14932-07-18-TPTUK0084945;Active;0,00;USD;0,00;PLN;6103;6103;Wed 11-07-2018 12:00;AstraZeneca;medical;patient materials;TRANSproof;Badanie  Ostro materiąły da pacjentów;brakuje PO na trans 10$ - wysłany 07-20;"""1186185 AstraZeneca-UK0084945 V2""";;Dmuchowska, Monika;
O-2018-07298;24-07-2018;TransPerfect, TPT;15127-07-18-TPTUS0254521;Active;0,00;USD;0,00;PLN;352;352;Tue 24-07-2018 09:00;PPD;medical;test results;samoTRANS;wyniki badań;;;6944203;Skoczyński, Michał;
O-2018-07308;24-07-2018;GTS;15119-07-18-GTS;Active;0,00;EUR;0,00;PLN;215;215;Wed 25-07-2018 12:00;Air Liquide;marketing;other;TRANSproof;tekst powiadomienia;wo za m5, m6 i M1V2, 45 EUR, napisane o upd 21 08;Air Liquide | ACRS | TR | FR>EN | BatchM5 | Lettre codes;;Ivchenko, Yaroslava;
O-2018-07350;27-07-2018;TransPerfect, TPT;15163-07-18-TPTUS0270299;Active;0,00;USD;0,00;PLN;21355;21355;Fri 03-08-2018 21:00;MyoKardia;medical;manual;samoTRANS;Instrukcje do urządzeń medycznych, wytyczne do prowadzenie badania klinicznego;brak PO;1205132 MyoKardia-US0270299;;Kołodziej, Iga;
O-2018-07361;27-07-2018;TransPerfect, TPT;15189-07-18-TPTUS0267965_plPL;Active;0,00;USD;0,00;PLN;112;112;Fri 27-07-2018 21:00;ERT;medical;clinical trial;backTRANS;Badanie kliniczne, kwalifikacja uczestnika;brak PO;1208047 ERT_BackTrans-US0267965_plPL;;Kołodziej, Iga;
O-2018-07373;30-07-2018;GTS;15200-07-18-GTS;Active;0,00;EUR;0,00;PLN;273;273;Mon 30-07-2018 16:00;Quintiles;legal;other;TRANSproof;Faktura;;Urgent! QTS-180727-64 ENG-POL TR+ED;;Kołodziej, Iga;
O-2018-07384;30-07-2018;GTS;15186-07-18-GTS;Active;0,00;EUR;0,00;PLN;428;428;Wed 01-08-2018 11:00;Medtronic;medical;manual;TRANSproof;urządzenia medyczne;wo rem 20 08 30 08;TR+ED request - PA 255909 - GSP_ReliaCatch in-service video script ENG-POL;;Ivchenko, Yaroslava;
O-2018-07386;30-07-2018;GTS;15204-07-18-GTS;Active;0,00;EUR;0,00;PLN;0;0;Tue 31-07-2018 12:00;Quintiles;medical;drug label;TRANSproof, samoPROOF;Labels;;QTS-180730-40;;Kołodziej, Iga;
O-2018-08002;01-08-2018;TransPerfect, TPT;15241-08-18-TPTUS0275202;Active;0,00;USD;0,00;PLN;13677;13677;Fri 03-08-2018 11:00;TG Therapeutics;medical;test results;OCR+TR;Wyniki badań;czekamy na updated PO; 1212019 TG Therapeutics-US0275202;;Kołodziej, Iga;
O-2018-08034;02-08-2018;GTS;15246-08-18-GTS;Active;0,00;EUR;0,00;PLN;269;269;Fri 03-08-2018 12:00;Quintiles;medical;protocol;TRANSproof;List ws. protokołu;;QTS-180731-8;;Kołodziej, Iga;
O-2018-08037;02-08-2018;TransPerfect, TPT;15276-08-18-TPTUS0255997;Active;0,00;USD;0,00;PLN;3573;3573;Mon 06-08-2018 18:00;Matthews International;marketing;company policy;TRANSproof, PROOF2;Polityka firmy;brak PO;1214048 Matthews International-US0255997;;Kołodziej, Iga;
O-2018-08054;06-08-2018;GTS;15301-08-18-GTS;Active;0,00;EUR;0,00;PLN;371;371;Wed 08-08-2018 10:00;Quintiles;medical legal;cover letter;OCR+TR+PR;Pismo dot. badania;;QTS-180802-50;;Motwicka, Monika;
O-2018-08061;06-08-2018;GTS;15311-08-18-GTS;Active;0,00;EUR;0,00;PLN;826;826;Wed 08-08-2018 17:00;Quintiles;medical legal;cover letter;OCR+TR+PR;Pismo dot. badania;;QTS-180730-26;;Motwicka, Monika;
O-2018-08066;06-08-2018;GTS;15296-08-18-GTS;Active;0,00;EUR;0,00;PLN;880;880;Mon 06-08-2018 17:00;Air Liquide;marketing;other;TRANSproof;info o udziałach dla pracowników;;Air Liquide Multi | ACRS | TR+ED EN>ML | Batch M8 Brochures;;Ivchenko, Yaroslava;
O-2018-08101;07-08-2018;DOBRYNABYTEK.PL Jacek Pawluczuk, JPT;15341-08-18-JPT;Active;130,00;PLN;130,00;PLN;1028;1028;Wed 08-08-2018 10:00;;legal;other;;testament;;T-4915 EN;;Skoczyński, Michał;
O-2018-08102;08-08-2018;GTS;15333-08-18-GTS;Active;0,00;EUR;0,00;PLN;380;380;Mon 13-08-2018 10:00;Quintiles;medical legal;cover letter;OCR+TR+PR;Pismo dot. badania;;QTS-180807-56;;Motwicka, Monika;
O-2018-08103;08-08-2018;GTS;15334-08-18-GTS;Active;0,00;EUR;0,00;PLN;964;964;Mon 13-08-2018 10:00;Quintiles;medical legal;cover letter;OCR+TR+PR;Pismo dot. badania;;QTS-180807-55;;Motwicka, Monika;
O-2018-08106;08-08-2018;GTS;15324-08-18-GTS;Active;0,00;EUR;0,00;PLN;4824;4824;Fri 10-08-2018 12:00;Quintiles;medical;protocol;TRANSproof;Protokół badania klinicznego;;QTS-180806-24;;Kołodziej, Iga;
O-2018-08117;08-08-2018;GTS;15348-08-18-GTS;Active;0,00;EUR;0,00;PLN;940;940;Fri 10-08-2018 15:00;Quintiles;medical legal;cover letter;OCR+TR+PR;Pismo dot. badania;;QTS-180808-36 ;;Motwicka, Monika;
O-2018-08126;08-08-2018;GTS;15349-08-18-GTS;Active;0,00;EUR;0,00;PLN;612;612;Mon 13-08-2018 15:00;Quintiles;medical legal;cover letter;OCR+TR+PR;Pismo dot. badania;wo rem 22 08;QTS-180808-33;;Ivchenko, Yaroslava;
O-2018-08134;09-08-2018;GTS;15361-08-18-GTS;Active;0,00;EUR;0,00;PLN;393;393;Thu 09-08-2018 22:00;Goodyear;marketing;company policy;TRANSproof;Polityka firmy;;TR+ED | Goodyear | BCM | EN>POL - 8/9;;Kołodziej, Iga;
O-2018-08135;09-08-2018;Intrawelt, INT;15359-08-18-INT;Active;0,00;PLN;0,00;PLN;342;342;Fri 10-08-2018 10:00;Technoalpin;marketing;other;samoTRANS;Tekst marketingowy;;Intrawelt - Technoalpin - WO 372918;;Kołodziej, Iga;
O-2018-08137;09-08-2018;GTS;15367-08-18-GTS;Active;0,00;EUR;0,00;PLN;573;573;Tue 14-08-2018 10:00;Quintiles;medical legal;cover letter;OCR+TR+PR;Pismo dot. badania;;QTS-180808-66;;Motwicka, Monika;
O-2018-08138;09-08-2018;GTS;15368-08-18-GTS;Active;0,00;EUR;0,00;PLN;571;571;Tue 14-08-2018 10:00;Quintiles;medical legal;cover letter;OCR+TR+PR;Pismo dot. badania;;QTS-180808-67 ;;Motwicka, Monika;
O-2018-08143;09-08-2018;GTS;15364-08-18-GTS;Active;15,00;EUR;63,90;PLN;1011;1011;Mon 13-08-2018 11:00;HSBC;financial;investment;TRANSproof;fundusze investycyjne;active w atlasie;PA263276 | HSBC | KIIDs | TR + ED | EN> PL;1018240_245858;Ivchenko, Yaroslava;
O-2018-08144;09-08-2018;GTS;15338-08-18-GTS;Active;0,00;EUR;0,00;PLN;1182;1182;Fri 10-08-2018 15:00;Air Liquide;marketing;other;TRANSproof;info o udziałach dla pracowników;;AIR LIQUIDE | New request for Shareholders' Website | EN>ML;;Ivchenko, Yaroslava;
O-2018-08148;09-08-2018;GTS;15350-08-18-GTS;Active;0,00;EUR;0,00;PLN;453;453;Fri 10-08-2018 11:00;Quintiles;medical;protocol;TRANSproof;Pismo ws. protokołu;;QTS-180808-31;;Kołodziej, Iga;
O-2018-08151;10-08-2018;TransPerfect, TPT;15376-08-18-TPTUS0280182;Active;0,00;USD;0,00;PLN;15425;15425;Tue 14-08-2018 14:00;PPD;laboratory;manual;samoTRANS;Lab manual;;1222012 PPD Specialist Facing- US0280182;;Kołodziej, Iga;
O-2018-08153;10-08-2018;GTS;15382-08-18-GTS;Active;0,00;EUR;0,00;PLN;161;161;Tue 14-08-2018 12:00;Quintiles;medical legal;cover letter;OCR+TR+PR;Pismo dot. badania;;QTS-180809-50;;Motwicka, Monika;
O-2018-08156;10-08-2018;GTS;15381-08-18-GTS;Active;0,00;EUR;0,00;PLN;155;155;Tue 14-08-2018 10:00;IQVIA;medical legal;agreement;TRANSproof;Umowa o przeprowadzenie badania klinicznego z ośrodkiem;QTS-180808-86;QTS-180808-86;;Motwicka, Monika;
O-2018-08160;10-08-2018;TransPerfect, TPT;15377-08-18-TPTUS0274547;Active;0,00;USD;0,00;PLN;123;123;Mon 13-08-2018 18:00;Ernst and Young;marketing;company policy;TRANSproof; ;na koncie proof - phase name - QM;"""1222023 Ernst and Young_Microsoft-US0274547_Project 359""";;Motwicka, Monika;
O-2018-08163;10-08-2018;neo communication ag, NEO;15343-08-18-NEO;Active;115,92;PLN;115,92;PLN;1833;1833;Mon 13-08-2018 12:00;SEW-EURODRIVE;technical;manual;samoTRANS; ;;;;Kołodziej, Iga;
O-2018-08166;12-08-2018;GTS;15389-08-18-GTS;Active;0,00;EUR;0,00;PLN;555;555;Tue 14-08-2018 10:00;Quintiles;medical legal;cover letter;OCR+TR+PR;Pismo dot. badania;;QTS-180809-43;;Ivchenko, Yaroslava;
O-2018-08167;13-08-2018;TransPerfect, TPT;15392-08-18-TPTUS0281813;Active;0,00;USD;0,00;PLN;287;287;Mon 13-08-2018 15:00;Rox Medical ;medical legal;agreement;samoTRANS;CTA;;1222964 Rox Medical-US0281813;;Motwicka, Monika;
O-2018-08174;13-08-2018;GTS;15393-08-18-GTS;Active;0,00;EUR;0,00;PLN;674;674;Wed 15-08-2018 17:00;Quintiles;medical legal;cover letter;OCR+TR+PR;Pismo dot. badania;;QTS-180810-34;;Motwicka, Monika;
O-2018-08175;13-08-2018;GTS;15394-08-18-GTS;Active;0,00;EUR;0,00;PLN;332;332;Thu 16-08-2018 11:00;Quintiles;medical legal;cover letter;OCR+TR+PR;Pismo dot. badania;;QTS-180810-18;;Motwicka, Monika;
O-2018-08176;13-08-2018;GTS;15395-08-18-GTS;Active;0,00;EUR;0,00;PLN;294;294;Thu 16-08-2018 11:00;Quintiles;medical legal;cover letter;OCR+TR+PR;Pismo dot. badania;;QTS-180810-20;;Motwicka, Monika;
O-2018-08180;13-08-2018;Randstad, RAN;15363-08-18-RAN;Active;0,00;PLN;0,00;PLN;2470;2470;Thu 16-08-2018 17:00;Randstad;marketing;HR;TRANSproof;HR, CSR;;prośba o wycenę tłumaczenia;;Kołodziej, Iga;
O-2018-08185;14-08-2018;GTS;15397-08-18-GTS;Active;0,00;EUR;0,00;PLN;152;152;Tue 14-08-2018 12:00;Stryker;marketing;other;TRANSproof; ;;TR+ED Request | E263640_Stryker_Medical Division Description | 152 words EN-PL;;Motwicka, Monika;
O-2018-08186;14-08-2018;GTS;15402-08-18-GTS;Active;0,00;EUR;0,00;PLN;671;671;Fri 17-08-2018 11:00;Quintiles;medical legal;cover letter;OCR+TR+PR;Pismo dot. badania;;QTS-180813-67;;Motwicka, Monika;
O-2018-08187;14-08-2018;GTS;15407-08-18-GTS;Active;0,00;EUR;0,00;PLN;298;298;Fri 17-08-2018 11:00;Quintiles;medical legal;cover letter;OCR+TR+PR;Pismo dot. badania;;QTS-180813-18;;Motwicka, Monika;
O-2018-08188;14-08-2018;GTS;15406-08-18-GTS;Active;0,00;EUR;0,00;PLN;411;411;Fri 17-08-2018 11:00;Quintiles;medical legal;cover letter;OCR+TR+PR;Pismo dot. badania;;QTS-180813-15;;Motwicka, Monika;
O-2018-08189;14-08-2018;GTS;15396-08-18-GTS;Active;0,00;EUR;0,00;PLN;1120;1120;Wed 15-08-2018 11:00;IQVIA;medical;protocol;TRANSproof;cta;;QTS-180813-1;;Motwicka, Monika;
O-2018-08191;14-08-2018;GTS;15405-08-18-GTS;Active;0,00;EUR;0,00;PLN;574;574;Fri 17-08-2018 11:00;Quintiles;medical legal;cover letter;OCR+TR+PR;Pismo dot. badania;;QTS-180813-23;;Motwicka, Monika;
O-2018-08192;14-08-2018;GTS;15398-08-18-GTS;Active;0,00;EUR;0,00;PLN;1725;1725;Thu 16-08-2018 16:00;Air Liquide;marketing;other;TRANSproof;info o udziałach dla pracowników;;Air Liquide Multi | ACRS | TR+ED | Batch M9 | FAQ;;Ivchenko, Yaroslava;
O-2018-08194;14-08-2018;TransPerfect, TPT;15408-08-18-TPTUK0091266;Active;0,00;USD;0,00;PLN;9380;9380;Mon 20-08-2018 12:00;CooperVision;marketing;company policy;TRANSproof, PROOF2;Polityka firmy; na PO muszą być dodatkowe 2h za O-2018-08038 (JI);1225496 CooperVision-UK0091266 CLONE;;Kołodziej, Iga;
O-2018-08195;14-08-2018;GTS;15409-08-18-GTS;Active;0,00;EUR;0,00;PLN;338;338;Thu 16-08-2018 14:00;IQVIA;medical legal;cover letter;TRANSproof;Pismo dot. badań;;QTS-180814-6;;Motwicka, Monika;
O-2018-08198;15-08-2018;Bireta, BRT;15414-08-18-BRT;Active;0,00;PLN;0,00;PLN;17398;17398;Mon 20-08-2018 10:00;;technical;other;;dokumentacja rozbudowy terminala LNG;;44160;;Skoczyński, Michał;
O-2018-08200;16-08-2018;GTS;15411-08-18-GTS;Active;0,00;EUR;0,00;PLN;30;30;Thu 16-08-2018 18:00;Air Liquide;marketing;other;TRANSproof;udziały dla pracowników;;URGENCE | Air Liquide Multi | ACRS | TR+ED | Batch M10 | Complément OEB;;Ivchenko, Yaroslava;
O-2018-08201;16-08-2018;GTS;15413-08-18-GTS;Active;0,00;EUR;0,00;PLN;163;163;Fri 17-08-2018 11:00;Quintiles;medical legal;clinical trial;TRANSproof;cta;;QTS-180814-63 ;;Ivchenko, Yaroslava;
O-2018-08205;16-08-2018;GTS;15418-08-18-GTS;Active;0,00;EUR;0,00;PLN;173;173;Fri 17-08-2018 10:00;Teva;medical;other;TRANSproof;zaproszenie na wydarzenie;;TR+ED request - 263648 - TEVA ;;Ivchenko, Yaroslava;
O-2018-08208;16-08-2018;TransPerfect, TPT;15417-08-18-TPTUS0282884+US0282890;Active;0,00;USD;0,00;PLN;6828;6828;Wed 22-08-2018 16:00;Raytheon;marketing;company policy;TRANSproof;RODO;;"""1226486 Raytheon Company-US0282884 and US0282890""";;Motwicka, Monika;
O-2018-08209;16-08-2018;GTS;15429-08-18-GTS;Active;0,00;EUR;0,00;PLN;0;0;Fri 17-08-2018 13:00;Zimmer Biomet;medical;manual;TRANSproof;IFU;7,5 h;TR+ED Request | Zimmer_IFU_Update | EN>PL;;Ivchenko, Yaroslava;
O-2018-08210;16-08-2018;TransPerfect, TPT;15427-08-18-TPTUS0150839;Active;0,00;USD;0,00;PLN;1726;1726;Mon 20-08-2018 20:00;PepsiCo;marketing;other;TRANSproof, PROOF2;Opis ankiety;;1227645 PepsiCo-US0150839;;Motwicka, Monika;
O-2018-08212;16-08-2018;GTS;15435-08-18-GTS;Active;0,00;EUR;0,00;PLN;558;558;Fri 17-08-2018 15:00;HSBC;financial;letter;TRANSproof; ;;TR+ED request | HSBC | Portfolios - shareholders letter | EN-PL | 552w;;Motwicka, Monika;
O-2018-08213;16-08-2018;GTS;15437-08-18-GTS;Active;0,00;EUR;0,00;PLN;275;275;Tue 21-08-2018 15:00;Quintiles;medical legal;cover letter;OCR+TR+PR;Pismo dot. badania;;QTS-180816-9;;Motwicka, Monika;
O-2018-08214;16-08-2018;GTS;15438-08-18-GTS;Active;0,00;EUR;0,00;PLN;511;511;Tue 21-08-2018 14:00;Quintiles;medical legal;cover letter;OCR+TR+PR;Pismo dot. badania;;QTS-180816-47;;Motwicka, Monika;
O-2018-08215;16-08-2018;GTS;15439-08-18-GTS;Active;0,00;EUR;0,00;PLN;1042;1042;Tue 21-08-2018 15:00;Quintiles;medical legal;cover letter;OCR+TR+PR;Pismo dot. badania;;QTS-180816-49;;Motwicka, Monika;
O-2018-08216;17-08-2018;GTS;15442-08-18-GTS;Active;0,00;EUR;0,00;PLN;143;143;Fri 17-08-2018 17:00;Quintiles;medical;drug label;TRANSproof, Other;labels;TR/ED/ED2;QTS-180816-54 ;;Ivchenko, Yaroslava;
O-2018-08218;17-08-2018;GTS;15443-08-18-GTS;Active;0,00;EUR;0,00;PLN;901;901;Fri 17-08-2018 16:00;Promega;laboratory;other;TRANSproof;protokół kalibracji;on hold, trans za 55 eur;SUPER URGENT - TR+ED - Calibration Protocol - EN > PL;;Ivchenko, Yaroslava;
O-2018-08221;17-08-2018;GTS;15433-08-18-GTS;Active;0,00;EUR;0,00;PLN;442;442;Fri 24-08-2018 12:00;Quintiles;medical legal;cover letter;OCR+TR+PR;Pismo dot. badania;;QTS-180816-44;;Motwicka, Monika;
O-2018-08222;17-08-2018;GTS;15434-08-18-GTS;Active;0,00;EUR;0,00;PLN;441;441;Fri 24-08-2018 12:00;Quintiles;medical legal;cover letter;OCR+TR+PR;Pismo dot. badania;;QTS-180816-43;;Motwicka, Monika;
O-2018-08223;17-08-2018;GTS;15441-08-18-GTS;Active;0,00;EUR;0,00;PLN;360;360;Wed 22-08-2018 12:00;Quintiles;medical legal;cover letter;OCR+TR+PR;Pismo dot. badania;;QTS-180816-68 ;;Motwicka, Monika;
O-2018-08224;17-08-2018;GTS;15431-08-18-GTS;Active;0,00;EUR;0,00;PLN;5953;5953;Tue 21-08-2018 17:00;Air Liquide;marketing;other;TRANSproof;szkolenie, udziały dla pracowników;;Air Liquide Multi | ACRS | TR+ED | Batch M11 | PPT Formation Kit;;Ivchenko, Yaroslava;
O-2018-08225;17-08-2018;GTS;15444-08-18-GTS;Active;0,00;EUR;0,00;PLN;166;166;Mon 20-08-2018 12:00;Allianz;financial;investment;TRANSproof; ;;;;Motwicka, Monika;
O-2018-08234;20-08-2018;GTS;15449-08-18-GTS;Active;0,00;EUR;0,00;PLN;6363;6363;Thu 23-08-2018 16:30;Quintiles;medical;clinical trial;TRANSproof, Other;materiały badania klinicznego;1) Translation + editing of 4 files   2) Translation of Trackchanges only ( 37 w) + full review. ;QTS-180813-9;;Ivchenko, Yaroslava;
O-2018-08235;20-08-2018;TransPerfect, TPT;15416-08-18-TPTUS0281898;Active;0,00;USD;0,00;PLN;6844;6844;Thu 23-08-2018 10:00;Willis Towers Watson;marketing;company policy;TRANSproof, PROOF2;Polityka firmy, HR;;1225831 Willis Towers Watson-US0281898;;Kołodziej, Iga;
O-2018-08236;20-08-2018;GTS;15450-08-18-GTS;Active;0,00;EUR;0,00;PLN;1144;1144;Tue 21-08-2018 14:00;Quintiles;medical legal;cover letter;OCR+TR+PR;Pismo dot. badania;;QTS-180817-63;;Motwicka, Monika;
O-2018-08237;20-08-2018;GTS;15440-08-18-GTS;Active;0,00;EUR;0,00;PLN;1386;1386;Tue 21-08-2018 15:00;Juul;marketing;other;TRANSproof; ;;JUUL | 3 Additional Tabs - TR+ED - eng>pol;;Motwicka, Monika;
O-2018-08239;20-08-2018;TransPerfect, TPT;15456-08-18-TPTUK0091515_PL;Active;0,00;USD;0,00;PLN;29;29;Tue 21-08-2018 15:00;McAfee Inc;marketing;other;samoTRANS;Marketing;;"""1230229 McAfee Inc-UK0091515_PL""";;Motwicka, Monika;
O-2018-08241;20-08-2018;GTS;15462-08-18-GTS;Active;0,00;EUR;0,00;PLN;0;0;Tue 21-08-2018 10:30;HSBC;financial;investment;TRANSproof, Other;list do udziałowców;;TR+ED request | HSBC | Portfolios - shareholders letter | EN-PL | 552w;;Ivchenko, Yaroslava;
O-2018-08244;20-08-2018;GTS;15461-08-18-GTS;Active;0,00;EUR;0,00;PLN;1086;1086;Thu 23-08-2018 14:00;Quintiles;medical;protocol;TRANSproof;Pismo dot. protokołu badania;;QTS-180820-29;;Kołodziej, Iga;
O-2018-08245;21-08-2018;GTS;15466-08-18-GTS;Active;0,00;EUR;0,00;PLN;248;248;Tue 21-08-2018 18:00;Goodyear;marketing;HR;TRANSproof; ;;TR+ED | Goodyear | Sept Check-In | EN>POL - 8/21;;Motwicka, Monika;
O-2018-08246;21-08-2018;GTS;15463-08-18-GTS;Active;0,00;EUR;0,00;PLN;261;261;Wed 22-08-2018 11:00;Aflofarm;medical;other;samoTRANS;Etykieta;;Aflofarm_Preventic Extra Plus_PL-EN_TR;;Motwicka, Monika;
O-2018-08247;21-08-2018;TransPerfect, TPT;15464-08-18-TPTFR0076411;Active;0,00;USD;0,00;PLN;1047;1047;Mon 27-08-2018 14:00;Celgene;medical;clinical trial;TRANSproof;IB Summary of Changes;;"""1231619 Celgene-FR0076411""";;Motwicka, Monika;
O-2018-08248;21-08-2018;TransPerfect, TPT;15465-08-18-TPTUK0091373;Active;0,00;USD;0,00;PLN;1607;1607;Wed 22-08-2018 11:00;Immunocore;medical;clinical trial;backTRANS;Instrukcja apteczna;;1232190 Immunocore_Backtrans-UK0091373 - PL;;Kołodziej, Iga;
O-2018-08249;21-08-2018;TransPerfect, TPT;15469-08-18-TPTUS0177240;Active;0,00;USD;0,00;PLN;892;892;Tue 21-08-2018 12:00;CRF Health;medical;questionnaire;backTRANS;Kwestionariusz;The client added 80 new words to the source. Would you be able to provide a translation for segments 38-40 of the attached TXML by tomorrow 12pm CET?;1077452 CRF Health_BackTrans-US0177240_plPL_VABS;;Kołodziej, Iga;
O-2018-08250;21-08-2018;GTS;15467-08-18-GTS;Active;0,00;EUR;0,00;PLN;1064;1064;Fri 24-08-2018 10:00;Quintiles;medical legal;cover letter;OCR+TR+PR;Pismo dot. badania;;QTS-180821-10;;Motwicka, Monika;
O-2018-08252;21-08-2018;TransPerfect, TPT;15468-08-18-TPTNL0024912;Active;0,00;USD;0,00;PLN;0;0;Thu 23-08-2018 10:00;CH Robinson;legal;agreement;TRANSproof, Other; ;;NL0024912 ;;Ivchenko, Yaroslava;
O-2018-08253;21-08-2018;GTS;15470-08-18-GTS;Active;0,00;EUR;0,00;PLN;419;419;Wed 22-08-2018 10:30;Esperion;medical;patient materials;TRANSproof;Kwestionariusz nietolerancji statyn;30% rush;QTS-180821-33;;Motwicka, Monika;
O-2018-08257;22-08-2018;GTS;15473-08-18-GTS;Active;0,00;EUR;0,00;PLN;0;0;Wed 22-08-2018 13:00;Quintiles;medical;drug label;TRANSproof, Other;labels;z ED2, TC, bez Memoqa;IP Labels || QTS-180820-46 || ENG>HUN || TR/ED/ED2 (56 words deletions + TC);;Motwicka, Monika;
O-2018-08258;22-08-2018;TransPerfect, TPT;15476-08-18-TPTUS0286808;Active;0,00;USD;0,00;PLN;277;277;Thu 23-08-2018 14:00;IQVIA;marketing;company policy;samoTRANS;Wiadomość do managerów;;"""1233563 IQVIA OCE_Adams-US0286808_33420_D1""";;Motwicka, Monika;
O-2018-08259;22-08-2018;GTS;15471-08-18-GTS;Active;15,00;EUR;64,62;PLN;2896;2896;Fri 24-08-2018 15:00;Theramex;marketing;HR;TRANSproof;HR;;TR + ED Request | English into Polish | 2,903 words | Friday 24 august 09:00 am CEST;1014889_244235;Kołodziej, Iga;
O-2018-08260;22-08-2018;TransPerfect, TPT;15475-08-18-TPTUS0286477;Active;0,00;USD;0,00;PLN;21;21;Fri 24-08-2018 20:00;Align Technology;legal;other;samoTRANS; ;;"""1233060 Align Technology-US0286477""";;Motwicka, Monika;
O-2018-08261;22-08-2018;Bireta, BRT;15459-08-18-BRT;Active;0,00;PLN;0,00;PLN;11958;11958;Fri 24-08-2018 08:00;;technical;power industry;samoTRANS;Elektrownie;"44087; 1530 PLN";;;Kołodziej, Iga;
O-2018-08263;22-08-2018;TransPerfect, TPT;15478-08-18-TPTDE0079384;Active;0,00;USD;0,00;PLN;1326;1326;Thu 23-08-2018 11:00;GMI Lightspeed;marketing;other;samoTRANS;Kwestionariusz;;1234211 GMI Lightspeed-DE0079384;;Kołodziej, Iga;
O-2018-08264;22-08-2018;GTS;15479-08-18-GTS;Active;0,00;EUR;0,00;PLN;266;266;Fri 24-08-2018 16:00;Allergan;medical;manual;TRANSproof;STOOL COLLECTION INSTRUCTIONS;;E264805_3151-201-008 outpatient stool collection instruction_EN-PL_TR+ED;;Motwicka, Monika;
O-2018-08265;22-08-2018;GTS;15483-08-18-GTS;Active;0,00;EUR;0,00;PLN;417;417;Fri 24-08-2018 10:00;Quintiles;medical legal;cover letter;OCR+TR+PR;Pismo dot. badania;;QTS-180821-39;;Motwicka, Monika;
O-2018-08266;22-08-2018;GTS;15484-08-18-GTS;Active;0,00;EUR;0,00;PLN;436;436;Fri 24-08-2018 14:00;Quintiles;medical legal;cover letter;OCR+TR+PR;Pismo dot. badania;;QTS-180822-25;;Motwicka, Monika;
O-2018-08267;22-08-2018;GTS;15485-08-18-GTS;Active;0,00;EUR;0,00;PLN;438;438;Mon 27-08-2018 13:00;Quintiles;medical legal;cover letter;OCR+TR+PR;Pismo dot. badania;;QTS-180822-26;;Motwicka, Monika;
O-2018-08268;22-08-2018;GTS;15486-08-18-GTS;Active;0,00;EUR;0,00;PLN;287;287;Mon 27-08-2018 12:00;Quintiles;medical legal;cover letter;OCR+TR+PR;Pismo dot. badania;;QTS-180821-54;;Motwicka, Monika;
O-2018-08270;22-08-2018;GTS;15487-08-18-GTS;Active;0,00;EUR;0,00;PLN;303;303;Thu 23-08-2018 10:00;Schroders;financial;letter;TRANSproof;list do udziałowców;;Schroders SISF Alternative Risk EN>PL // TR + ED;;Ivchenko, Yaroslava;
O-2018-08274;23-08-2018;TransPerfect, TPT;15499-08-18-TPTUS0286460;Active;0,00;USD;0,00;PLN;884;884;Thu 23-08-2018 13:30;ICON;medical legal;cover letter;samoTRANS;Pismo dot. badania;;URGENT: ICON Clinical Research Specialist Facing - US0286460 PL-ENGB;;Motwicka, Monika;
O-2018-08275;23-08-2018;GTS;15502-08-18-GTS;Active;0,00;EUR;0,00;PLN;362;362;Thu 23-08-2018 17:00;Eaton;technical;manual;TRANSproof;Katalog;;Placing TR+ED | 246126 | Eaton | ENG>POL;;Kołodziej, Iga;
O-2018-08276;23-08-2018;TransPerfect, TPT;15496-08-18-TPTUS0278032_Batch3;Active;0,00;USD;0,00;PLN;623;623;Fri 24-08-2018 18:00;PepsiCo;marketing;other;TRANSproof, PROOF2;Ankieta pracownicza;;1235092 PepsiCo-US0278032_Batch3;;Kołodziej, Iga;
O-2018-08277;23-08-2018;GTS;15492-08-18-GTS;Active;0,00;EUR;0,00;PLN;174;174;Thu 23-08-2018 17:00;;financial;investment;TRANSproof; ;;Translation Request | ENG>> POL | 174 Words;;Motwicka, Monika;
O-2018-08278;23-08-2018;GTS;15490-08-18-GTS;Active;0,00;EUR;0,00;PLN;2245;2245;Fri 24-08-2018 18:00;RR Donnelley;marketing;company policy;TRANSproof;Polityka firmy;;245956 - RRD - Information Security - TR+ED - ENG>Polish;;Kołodziej, Iga;
O-2018-08280;23-08-2018;GTS;15500-08-18-GTS;Active;0,00;EUR;0,00;PLN;0;0;Thu 23-08-2018 17:00;Beats Electronics;technical;manual;pDTP;słuchawki;;Client X PMT # 27878 Proofreading - 16 words - 19 languages;;Motwicka, Monika;
O-2018-08281;23-08-2018;GTS;15491-08-18-GTS;Active;0,00;EUR;0,00;PLN;1344;1344;Fri 24-08-2018 16:00;AIG;marketing;other;TRANSproof;oferta ubezpieczeniowa;;AIG Houston - 242647 - Travel Card Flyers - 1,362 (only 939 new) words - TRED - POL;;Ivchenko, Yaroslava;
O-2018-08282;23-08-2018;TransPerfect, TPT;15494-08-18-TPTUS0288095;Active;0,00;USD;0,00;PLN;930;930;Fri 24-08-2018 18:00;;legal;other;samoTRANS;Skargi pacjentki;;1234868 Arizona State Hospital-US0288095;;Kołodziej, Iga;
O-2018-08283;23-08-2018;GTS;15504-08-18-GTS;Active;0,00;EUR;0,00;PLN;300;300;Fri 24-08-2018 12:00;Eaton;technical;other;TRANSproof; ;;Placing TR+ED | 246263 | Eaton | ENG>POL;;Motwicka, Monika;
O-2018-08284;23-08-2018;TransPerfect, TPT;15505-08-18-TPTUS0177240_ft;Active;0,00;USD;0,00;PLN;861;861;Thu 23-08-2018 17:00;CRF Health;medical;questionnaire;samoTRANS;Kwestionariusz;;1072582 CRF Health-US0177240_DFT_IT_PL;;Kołodziej, Iga;
O-2018-08285;23-08-2018;Eversheds, EVE;15495-08-18-EVE;Active;0,00;PLN;0,00;PLN;476;476;Fri 24-08-2018 17:00;;legal;certificate;SWORN;wypis z rejestru;;;;Ivchenko, Yaroslava;
O-2018-08286;23-08-2018;GTS;15503-08-18-GTS;Active;0,00;EUR;0,00;PLN;1339;1339;Mon 27-08-2018 11:00;Quintiles;medical legal;cover letter;OCR+TR+PR;Pismo dot. badania;;QTS-180822-49;;Motwicka, Monika;
O-2018-08287;23-08-2018;TransPerfect, TPT;15510-08-18-TPTUS0264547;Active;0,00;USD;0,00;PLN;805;805;Fri 24-08-2018 15:00;ERT;medical;questionnaire;backTRANS;Kwestionariusz;;1235810 CRF Health_BackTrans-US0264547 plPL BT - URGENT;;Kołodziej, Iga;
O-2018-08288;23-08-2018;Danone;15493-08-18-DAN;Active;0,00;PLN;0,00;PLN;663;663;Mon 27-08-2018 17:00;Danone;marketing;other;samoTRANS;materiały na strone;295 pln;Tłumaczenie artykułu 22.08.2018;;Ivchenko, Yaroslava;
O-2018-08289;23-08-2018;GTS;15501-08-18-GTS;Active;0,00;EUR;0,00;PLN;1598;1598;Mon 27-08-2018 09:00;Quintiles;medical;protocol;TRANSproof;wniosek o badanie kliniczne;;QTS-180822-58;;Ivchenko, Yaroslava;
O-2018-08290;23-08-2018;GTS;15507-08-18-GTS;Active;0,00;EUR;0,00;PLN;159;159;Fri 24-08-2018 15:00;Allianz;financial;investment;TRANSproof;fundusze inwestycyjne;;PA265267 I Allianz Funds I TR+ED I PL;;Ivchenko, Yaroslava;
O-2018-08291;24-08-2018;TransPerfect, TPT;15519-08-18-TPTUS0264547-Blueprint CLONE;Active;0,00;USD;0,00;PLN;188;188;Sat 25-08-2018 21:00;CRF Health;medical;questionnaire;samoTRANS;Kwestionariusz;;"""1236707 CRF Health-US0264547-Blueprint CLONE""";;Motwicka, Monika;
O-2018-08292;24-08-2018;TransPerfect, TPT;15509-08-18-TPTUS0283971;Active;0,00;USD;0,00;PLN;216;216;Mon 27-08-2018 11:00;TransPerfect;marketing;HR;TRANSproof, PROOF2;opis stanowiska;;"""1235850 TransPerfect Translations-US0283971""";;Ivchenko, Yaroslava;
O-2018-08295;24-08-2018;GTS;15514-08-18-GTS;Active;0,00;EUR;0,00;PLN;560;560;Mon 27-08-2018 18:00;Eaton;marketing;company policy;TRANSproof;Company policy;;4293 - TR+ED, 19 langs, EATON;;Motwicka, Monika;
O-2018-08297;24-08-2018;GTS;15520-08-18-GTS;Active;0,00;EUR;0,00;PLN;540;540;Tue 28-08-2018 09:30;Quintiles;medical legal;cover letter;OCR+TR+PR;Pismo dot. badania;;QTS-180822-50;;Motwicka, Monika;
O-2018-08298;24-08-2018;GTS;15460-08-18-GTS;Active;0,00;EUR;0,00;PLN;1734;1734;Tue 28-08-2018 16:00;IQVIA;medical;protocol;TRANSproof;clinical study results;;QTS-180820-22;;Motwicka, Monika;
O-2018-08299;24-08-2018;GTS;15522-08-18-GTS;Active;0,00;EUR;0,00;PLN;1721;1721;Tue 28-08-2018 14:00;AD Pharma;marketing;cosmetics;samoTRANS;Spray do stóp;;E265252_EXCILOR SPRAY_en-pl_TR;;Kołodziej, Iga;
O-2018-08300;24-08-2018;GTS;15512-08-18-GTS;Active;0,00;EUR;0,00;PLN;2245;2245;Tue 28-08-2018 14:00;Quintiles;medical;ICF Pan-Pani uczestnik QUINTILES;TRANSproof;ICF Prowadzone metodą otwartej próby w wielu grupach badanie fazy I/II mające na celu określenie bezpieczeństwa stosowania, tolerancji, farmakokinetyki oraz aktywności biologicznej i klinicznej AGEN1884 w skojarzeniu z AGEN2034 u pacjentów z guzami litymi miejscowo zaawansowanymi lub z przerzutami oraz rozszerzenie badania o wybrane guzy lite;;QTS-180822-57;;Ivchenko, Yaroslava;
O-2018-08301;24-08-2018;GTS;15521-08-18-GTS;Active;0,00;EUR;0,00;PLN;350;350;Tue 28-08-2018 09:30;Quintiles;medical legal;cover letter;OCR+TR+PR;Pismo dot. badania;;QTS-180822-51;;Motwicka, Monika;
O-2018-08302;24-08-2018;GTS;15511-08-18-GTS;Active;0,00;EUR;0,00;PLN;4429;4429;Tue 28-08-2018 18:00;Quintiles;medical;protocol;TRANSproof;Protokół badania: Randomizowane, prowadzone metodą podwójnie ślepej próby z grupą kontrolną otrzymującą placebo badanie fazy III, mające na celu ocenę skuteczności i bezpieczeństwa stosowania kapsułek doustnych VT-1161 w leczeniu pacjentek z nawracającą kandydozą sromu i pochwy;;QTS-180822-66;;Kołodziej, Iga;
O-2018-08304;24-08-2018;TransPerfect, TPT;15523-08-18-TPTUK0086524;Active;0,00;USD;0,00;PLN;0;0;Tue 28-08-2018 18:00;ConvaTec;medical;other;samoTRANS;napisy do filmów rehabilitacyjnych;3h na PO;1054278 ConvaTec_Media (Break Seg)-UK0086524 - SUBS;6498180;Ivchenko, Yaroslava;
O-2018-08305;24-08-2018;Intrawelt, INT;15528-08-18-INT;Active;0,00;PLN;0,00;PLN;1537;1537;Tue 28-08-2018;Cedic;medical;manual;TRANSproof;instrukcje do sprzętu medycznego;;WO#388318 - CEDIC - Traduzioni IFU per A100 - A110 - A120 - A155 - A160;;Ivchenko, Yaroslava;
O-2018-08307;24-08-2018;GTS;15527-08-18-GTS;Active;0,00;EUR;0,00;PLN;1020;1020;Tue 28-08-2018 17:30;;medical;test results;samoTRANS;Wyniki badań;;TR Request I 265271 POL into EN I Please confirm;;Kołodziej, Iga;
O-2018-08308;24-08-2018;GTS;15530-08-18-GTS;Active;0,00;EUR;0,00;PLN;5192;5192;Tue 28-08-2018 17:00;Visa;marketing;company policy;TRANSproof;Polityka firmy;;Visa TR+ED Eng-Pol Request;;Kołodziej, Iga;
O-2018-08309;25-08-2018;Bireta, BRT;15534-08-18-BRT;Active;0,00;PLN;0,00;PLN;15996;15996;Mon 27-08-2018 08:00;;technical;other;;frequents SIWZ spalarnia Olsztyn;;;;Skoczyński, Michał;
O-2018-08310;27-08-2018;TransPerfect, TPT;15539-08-18-TPTUS0288990_PL;Active;0,00;USD;0,00;PLN;1201;1201;Mon 27-08-2018 17:00;Raytheon;marketing;HR;samoTRANS;Oferta pracy, skierowanie na badania;;"""1237694 Raytheon Company-US0288990_PL""";;Motwicka, Monika;
O-2018-08311;27-08-2018;Bireta, BRT;15535-08-18-BRT;Active;0,00;PLN;0,00;PLN;2644;2644;Mon 27-08-2018 10:00;;technical;power industry;samoTRANS;SIWZ odazotowanie spalin;;;;Skoczyński, Michał;
O-2018-08312;27-08-2018;TransPerfect, TPT;15538-08-18-TPTUS0289411;Active;0,00;USD;0,00;PLN;519;519;Tue 28-08-2018 13:00;Google;marketing;company policy;;Notice for Children;;"""1237789 Google-US0289411""";;Motwicka, Monika;
O-2018-08314;27-08-2018;GTS;15532-08-18-GTS;Active;0,00;EUR;0,00;PLN;5422;5422;Thu 30-08-2018 15:00;Halo Recognition;marketing;other;TRANSproof;katalog biżu etc;;246496 - Halo Recognition | LSHO_Gift-Additions_08_23_18 - TR+ED - pol;;Ivchenko, Yaroslava;
O-2018-08315;27-08-2018;TransPerfect, TPT;15533-08-18-TPTUS0288990;Active;0,00;USD;0,00;PLN;0;0;Thu 30-08-2018 10:00;Celgene;medical;ICF;;TC;TC na docu;"""1237536 Celgene-FR0076461""";;Motwicka, Monika;
O-2018-08316;27-08-2018;GTS;15531-08-18-GTS;Active;0,00;EUR;0,00;PLN;10464;10464;Fri 31-08-2018 10:00;Quintiles;medical;ICF Pani QUINTILES;TRANSproof;ICF Prowadzone metodą otwartej próby w wielu grupach badanie fazy I/II mające na celu określenie bezpieczeństwa stosowania, tolerancji, farmakokinetyki oraz aktywności biologicznej i klinicznej AGEN1884 w skojarzeniu z AGEN2034 u pacjentów z guzami litymi miejscowo zaawansowanymi lub z przerzutami oraz rozszerzenie badania o wybrane guzy lite.;;QTS-180822-60;;Ivchenko, Yaroslava;
O-2018-08319;27-08-2018;GTS;15547-08-18-GTS;Active;0,00;EUR;0,00;PLN;1642;1642;Thu 30-08-2018 14:00;Quintiles;medical legal;cover letter;OCR+TR+PR;Pismo dot. badania;;QTS-180827-23;;Motwicka, Monika;
O-2018-08320;27-08-2018;TransPerfect, TPT;15546-08-18-TPTUS0273909_PL5;Active;0,00;USD;0,00;PLN;3525;3525;Wed 29-08-2018 16:00;Pfizer;medical;summary of product characteristics;TRANSproof, PROOF2;Charakterystyka produktu leczniczego;;1237130 SPC_Pfizer-US0273909_PL5;;Kołodziej, Iga;
O-2018-08321;27-08-2018;GTS;15545-08-18-GTS;Active;0,00;EUR;0,00;PLN;813;813;Wed 29-08-2018 11:00;IQVIA;medical;manual;OCR+TR+PR;Instrukcja obsługi;;QTS-180824-67;;Motwicka, Monika;
O-2018-08322;27-08-2018;Radosław Półrolniczak Kancelaria Radcy Prawnego, PRL;15537-08-18-PRL;Active;0,00;PLN;0,00;PLN;3067;3067;Wed 29-08-2018 10:00;;legal;agreement;samoTRANS;Umowa;;;;Kołodziej, Iga;
O-2018-08323;27-08-2018;GTS;15548-08-18-GTS;Active;0,00;EUR;0,00;PLN;4263;4263;Thu 30-08-2018 16:30;Quintiles;medical;protocol;OCR+TR+PR;Protokół badania: A Multinational, Randomized, Double-blind, Positive-controlled, Parallel Group Clinical Study to Compare the Efficacy and Safety of the JHL1101 in Combination with CHOP (J-CHOP) versus Rituximab in Combination with CHOP (R-CHOP) in Patients with Previously Untreated Diffuse Large B-Cell Lymphoma (DLBCL);;QTS-180824-53;;Kołodziej, Iga;
O-2018-08325;27-08-2018;GTS;15551-08-18-GTS;Active;0,00;EUR;0,00;PLN;262;262;Tue 28-08-2018 14:00;Quintiles;medical legal;cover letter;OCR+TR+PR;Pismo dot. badania;30% rush;QTS-180827-48;;Motwicka, Monika;
O-2018-08326;27-08-2018;GTS;15541-08-18-GTS;Active;0,00;EUR;0,00;PLN;1008;1008;Wed 29-08-2018 12:00;Air Liquide;marketing;other;TRANSproof;udziały dla pracowników, napisy do filmu;;Air Liquide Multi | ACRS | TR+ED | Batch M13 | Script;;Ivchenko, Yaroslava;
O-2018-08327;27-08-2018;TransPerfect, TPT;15529-08-18-TPTNL0024912;Active;0,00;USD;0,00;PLN;4846;4846;Wed 29-08-2018 14:00;CH Robinson;legal;agreement;TRANSproof, PROOF2;umowa spedycji;;"""1237231 CH Robinson-NL0024912_5K""";;Ivchenko, Yaroslava;
O-2018-08328;27-08-2018;GTS;15553-08-18-GTS;Active;0,00;EUR;0,00;PLN;1343;1343;Wed 29-08-2018 10:00;Zurich G.;legal;other;samoTRANS;Umowa o prowadzenie rachunków bankowych;anulowali proofa;TR+ED Request - Zurich - 9879622;;Kołodziej, Iga;
O-2018-08329;27-08-2018;TransPerfect, TPT;15542-08-18-TPTUK0091582;Active;0,00;USD;0,00;PLN;3565;3565;Fri 31-08-2018 11:00;Astellas Pharma;medical legal;agreement;TRANSproof, PROOF2;Umowa/procedura prowadzenia badania klinicznego;;1238509 Astellas Pharma-UK0091582;;Kołodziej, Iga;
O-2018-08330;28-08-2018;TransPerfect, TPT;15550-08-18-TPTUS0290009;Active;0,00;USD;0,00;PLN;423;423;Wed 29-08-2018 09:00;Chiltern;medical legal;cover letter;OCR+TR;Pismo dot. badania;;"""1238707 Chiltern-US0290009""";;Motwicka, Monika;
O-2018-08331;28-08-2018;GTS;15557-08-18-GTS;Active;0,00;EUR;0,00;PLN;249;249;Wed 29-08-2018 12:00;Quintiles;medical legal;agreement;TRANSproof;Umowa o prowadzenie badania klinicznego;;QTS-180824-64;;Kołodziej, Iga;
O-2018-08332;28-08-2018;GTS;15556-08-18-GTS;Active;0,00;EUR;0,00;PLN;1953;1953;Sun 02-09-2018 17:00;Quintiles;medical legal;cover letter;OCR+TR+PR;Pismo dot. badania;;QTS-180827-47;;Motwicka, Monika;
O-2018-08333;28-08-2018;TransPerfect, TPT;15561-08-18-TPTJP0032352;Active;0,00;USD;0,00;PLN;446;446;Mon 03-09-2018 03:00;Japan Lifeline;medical;manual;samoTRANS;IFU;;1238510 Japan Lifeline-JP0032352 IFU2;;Kołodziej, Iga;
O-2018-08334;28-08-2018;TransPerfect, TPT;15549-08-18-TPTUS0289308;Active;0,00;USD;0,00;PLN;1013;1013;Wed 29-08-2018 12:00;Sanofi;legal;certificate;SWORN; ;;new sworn job US0289308 En-Pl;;Motwicka, Monika;
O-2018-08336;28-08-2018;GTS;15555-08-18-GTS;Active;0,00;EUR;0,00;PLN;797;797;Wed 29-08-2018 20:00;;marketing;company policy;TRANSproof;Corporate Communications Policy;;RRD - Corporate Communications Policy - 816 words - TRED - POL;;Motwicka, Monika;
O-2018-08337;28-08-2018;GTS;15543-08-18-GTS;Active;0,00;EUR;0,00;PLN;4451;4451;Thu 30-08-2018 12:00;Quintiles;medical;patient materials;TRANSproof;dzienniczek;;QTS-180826-4;;Ivchenko, Yaroslava;
O-2018-08339;28-08-2018;GTS;15558-08-18-GTS;Active;0,00;EUR;0,00;PLN;388;388;Thu 30-08-2018 16:00;Quintiles;medical legal;cover letter;OCR+TR+PR;Pismo dot. badania;;QTS-180827-50;;Motwicka, Monika;
O-2018-08340;28-08-2018;GTS;15564-08-18-GTS;Active;0,00;EUR;0,00;PLN;258;258;Fri 31-08-2018 18:00;Quintiles;medical legal;cover letter;OCR+TR+PR;Pismo dot. badania;;QTS-180828-54;;Motwicka, Monika;
O-2018-08341;28-08-2018;GTS;15559-08-18-GTS;Active;0,00;EUR;0,00;PLN;173;173;Mon 03-09-2018 10:00;Quintiles;medical legal;cover letter;OCR+TR+PR;Pismo dot. badania;;QTS-180827-25;;Motwicka, Monika;
O-2018-08342;28-08-2018;GTS;15560-08-18-GTS;Active;0,00;EUR;0,00;PLN;662;662;Mon 03-09-2018 10:00;Quintiles;medical legal;cover letter;OCR+TR+PR;Pismo dot. badania;;QTS-180827-31;;Motwicka, Monika;
O-2018-08343;28-08-2018;GTS;15566-08-18-GTS;Active;0,00;EUR;0,00;PLN;517;517;Mon 03-09-2018 16:00;Quintiles;medical legal;cover letter;OCR+TR+PR;Pismo dot. badania;;QTS-180828-56;;Motwicka, Monika;
O-2018-08345;28-08-2018;GTS;15563-08-18-GTS;Active;0,00;EUR;0,00;PLN;242;242;Thu 30-08-2018 11:00;Quintiles;legal;agreement;TRANSproof;CTA;;QTS-180823-6;;Ivchenko, Yaroslava;
O-2018-08346;28-08-2018;TransPerfect, TPT;15572-08-18-TPTDE0079489;Active;0,00;USD;0,00;PLN;879;879;Thu 30-08-2018 13:00;VEKA;marketing;company policy;TRANSproof, PROOF2;RODO;;"""1240531 VEKA-DE0079489""";;Ivchenko, Yaroslava;
O-2018-08347;28-08-2018;TransPerfect, TPT;15544-08-18-TPTBR0055851;Active;0,00;USD;0,00;PLN;3538;3538;Thu 30-08-2018 16:30;Faymonville;marketing;other;samoTRANS;info na stornie;;"""0233073 FAYMONVILLE DISTRIBUTION AG-BR0055851""";;Ivchenko, Yaroslava;
O-2018-08348;28-08-2018;GTS;15567-08-18-GTS;Active;0,00;EUR;0,00;PLN;3377;3377;Fri 31-08-2018 10:00;Quintiles;medical;protocol;TRANSproof;protokół SelK2;;QTS-180827-72;;Ivchenko, Yaroslava;
O-2018-08349;29-08-2018;TransPerfect, TPT;15574-08-18-TPTUS0224118;Active;0,00;USD;0,00;PLN;1899;1899;Thu 30-08-2018 15:00;Bayer;medical;patient materials;samoTRANS;Broszura dot. badania;;1240964 Continuum (Bayer) - US0224118;;Motwicka, Monika;
O-2018-08350;29-08-2018;TransPerfect, TPT;15562-08-18-TPTUS0290255;Active;0,00;USD;0,00;PLN;6083;6083;Mon 03-09-2018 11:00;Chiltern;legal;regulation;TRANSproof;Bribery Act 2010;;"""1239988 Chiltern-US0290255""";;Ivchenko, Yaroslava;
O-2018-08351;29-08-2018;GTS;15570-08-18-GTS;Active;0,00;EUR;0,00;PLN;2818;2818;Fri 31-08-2018 11:00;Quintiles;medical legal;agreement;TRANSproof;CTA TC;;QTS-180827-46;;Motwicka, Monika;
O-2018-08352;29-08-2018;GTS;15580-08-18-GTS;Active;0,00;EUR;0,00;PLN;462;462;Fri 31-08-2018 12:00;Quintiles;medical legal;cover letter;TRANSproof;Pismo dot. badania;;QTS-180828-93;;Motwicka, Monika;
O-2018-08353;29-08-2018;TransPerfect, TPT;15579-08-18-TPTUS0290826;Active;0,00;USD;0,00;PLN;645;645;Thu 30-08-2018 10:00;ICON;medical;clinical trial;samoTRANS;list do lekarza;;"""0233069 ICON Clinical Research Specialist Facing-US0290826 EN-PL""";;Ivchenko, Yaroslava;
O-2018-08354;29-08-2018;GTS;15576-08-18-GTS;Active;0,00;EUR;0,00;PLN;503;503;Thu 30-08-2018 14:00;Aflofarm;marketing;cosmetics;samoTRANS;Etykieta - odżywka sportowa;;Aflofarm_Focus Energy Shot_TR;;Motwicka, Monika;
O-2018-08357;29-08-2018;GTS;15578-08-18-GTS;Active;0,00;EUR;0,00;PLN;135;135;Thu 30-08-2018 16:00;;legal;other;TRANSproof;Powiadomienie o nadaniu numeru PESEL;;TR+ED Request I 8373991 I POL > ENG;;Motwicka, Monika;
O-2018-08358;29-08-2018;TransPerfect, TPT;15573-08-18-TPTUS0264547;Active;0,00;USD;0,00;PLN;10497;10497;Thu 30-08-2018 06:00;CRF Health;medical;questionnaire;backTRANS;kwestionariusz;;"""1241041 CRF Health_BackTrans-US0264547 plPL""";;Ivchenko, Yaroslava;
O-2018-08359;29-08-2018;GTS;15581-08-18-GTS;Active;0,00;EUR;0,00;PLN;513;513;Fri 31-08-2018 16:00;Quintiles;medical legal;cover letter;OCR+TR+PR;Pismo dot. badania;;QTS-180828-67;;Motwicka, Monika;
O-2018-08360;29-08-2018;GTS;15577-08-18-GTS;Active;0,00;EUR;0,00;PLN;513;513;Mon 03-09-2018 14:00;Quintiles;medical legal;cover letter;OCR+TR+PR;Pismo dot. badania;;QTS-180828-65;;Motwicka, Monika;
O-2018-08361;29-08-2018;GTS;15584-08-18-GTS;Active;0,00;EUR;0,00;PLN;0;0;Thu 30-08-2018 13:00;Air Liquide;marketing;other;TRANSproof, Other;udziały dla pracowników;;ACRS | TR+ED | M14;;Ivchenko, Yaroslava;N/A
O-2018-08362;29-08-2018;GTS;15583-08-18-GTS;Active;0,00;EUR;0,00;PLN;607;607;Mon 03-09-2018 16:00;IQVIA;medical legal;cover letter;TRANSproof;Pismo dot. badań;;QTS-180828-91 ;;Motwicka, Monika;
O-2018-08363;29-08-2018;GTS;15582-08-18-GTS;Active;0,00;EUR;0,00;PLN;1112;1112;Thu 30-08-2018 15:30;Quintiles;medical;patient materials;TRANSproof;Materiały dla pacjentów;100% rush;QTS-180829-45;;Ivchenko, Yaroslava;
O-2018-08367;30-08-2018;TransPerfect, TPT;15585-08-18-TPTSWE021235_PL;Active;0,00;USD;0,00;PLN;29;29;Mon 03-09-2018 12:00;Kantar;marketing;HR;samoTRANS;Ankieta dla pracowników;;"""1242316 Kantar TNS-SWE021235_PL""";;Motwicka, Monika;
O-2018-08369;30-08-2018;think global Milengo, THG;15590-08-18-THG;Active;0,00;EUR;0,00;PLN;3476;3476;Fri 31-08-2018 16:00;Magna;legal;agreement;TRANSproof;umowa korzystania z floty samochodowej;;;;Ivchenko, Yaroslava;DE-PL Prawo REDDO
O-2018-08370;30-08-2018;TransPerfect, TPT;15587-08-18-TPTUS0290605_pan_pani;Active;0,00;USD;0,00;PLN;1446;1446;Fri 31-08-2018 12:00;Fibrogen;medical;ICF Pan-Pani uczestnik REDDO;samoTRANS;ICF Badanie kliniczne fazy 3 prowadzone metodą podwójnie ślepej próby z randomizacją i stosowaniem placebo w grupie kontrolnej celem oceny skuteczności i bezpieczeństwa stosowania preparatu roksadustat (FG-4592) w leczeniu niedokrwistości u chorych z zespołem mielodysplastycznym o niskim ryzyku z małym zapotrzebowaniem na transfuzję krwinek czerwonych.;;"""1240871 FibroGen-US0290605""";;Motwicka, Monika;EN-PL ICF PAN-PANI REDDO
O-2018-08372;30-08-2018;TransPerfect, TPT;15586-08-18-TPTUS0208061;Active;0,00;USD;0,00;PLN;3983;3983;Mon 03-09-2018 16:00;MedAvante;medical;questionnaire;LingVal, ProofRecon;kwestionariusz;31 na 15 lingval;;;Ivchenko, Yaroslava;EN-PL Kwestionariusze medyczne REDDO
O-2018-08373;30-08-2018;GTS;15588-08-18-GTS;Active;0,00;EUR;0,00;PLN;53;53;Fri 31-08-2018 14:00;Quintiles;medical;protocol;TRANSproof;tytuł badania;;QTS-180829-64;;Ivchenko, Yaroslava;EN-PL Protokoły i harmonogramy REDDO od 2015
O-2018-08374;30-08-2018;GTS;15592-08-18-GTS;Active;0,00;EUR;0,00;PLN;28;28;Fri 31-08-2018 14:00;Quintiles;medical;protocol;TRANSproof;tytuł badania;;QTS-180830-16;;Ivchenko, Yaroslava;EN-PL Protokoły i harmonogramy REDDO od 2015
O-2018-08381;30-08-2018;TransPerfect, TPT;15601-08-18-TPTUK0091780;Active;0,00;USD;0,00;PLN;1415;1415;Mon 03-09-2018 12:00;Bibby Financial Services;marketing;company policy;TRANSproof, PROOF2;polityka firmy;;"""1243780 Bibby Financial Services-UK0091780""";;Ivchenko, Yaroslava;EN-PL Company policy REDDO
O-2018-08383;30-08-2018;TransPerfect, TPT;15604-08-18-TPTUS0292614;Active;0,00;USD;0,00;PLN;854;854;Fri 31-08-2018 15:00;Retrophin;legal;agreement;samoTRANS;umowa sponsoringu;;"""1243938 Retrophin-US0292614""";;Ivchenko, Yaroslava;PL-EN Umowy REDDO
O-2018-08384;31-08-2018;TransPerfect, TPT;15602-08-18-TPTUS0278032_Batch4;Active;0,00;USD;0,00;PLN;37;37;Fri 31-08-2018 17:00;PepsiCo;marketing;other;TRANSproof;ankieta pracownicza;;"""1243784 PepsiCo-US0278032_Batch4""";;Ivchenko, Yaroslava;EN-PL Biznes i marketing REDDO
O-2018-08385;31-08-2018 01:00;TransPerfect, TPT;dummy;Active;0,00;USD;0,00;PLN;0;0;Fri 31-08-2018 15:00;Ernst and Young;;;; ;;;;Paul Leiter;EN-PL Biznes i marketing REDDO
O-2018-08386;31-08-2018;GTS;15605-08-18-GTS;Active;0,00;EUR;0,00;PLN;313;313;Fri 31-08-2018 17:00;Quintiles;medical legal;cover letter;OCR+TR+PR;Pismo dot. badania;;QTS-180827-34 ;;Motwicka, Monika;PL-EN Cover Letters REDDO od 2017
O-2018-08387;31-08-2018;TransPerfect, TPT;15606-08-18-TPTBR0055851_addition O-2018-08387;Active;0,00;USD;0,00;PLN;497;497;Fri 31-08-2018 14:00;Faymonville;marketing;other;samoTRANS;treści na strone;;"""0234821 FAYMONVILLE DISTRIBUTION AG-BR0055851_addition""";;Ivchenko, Yaroslava;EN-PL Biznes i marketing REDDO
O-2018-08391;31-08-2018;GTS;15608-08-18-GTS;Active;0,00;EUR;0,00;PLN;287;287;Mon 03-09-2018 17:00;Quintiles;medical legal;cover letter;OCR+TR+PR;Pismo dot. badania;;QTS-180830-51 ;;Motwicka, Monika;PL-EN Cover Letters REDDO od 2017
O-2018-09001;03-09-2018;TransPerfect, TPT;15614-09-18-TPTUK0090938;Active;0,00;USD;0,00;PLN;142;142;Mon 03-09-2018 13:00;World First;marketing;other;TRANSproof; ;pliki dorzucone do 15427;"""1245839 World First-UK0090938""";;Motwicka, Monika;EN-PL Biznes i marketing REDDO
